France	2017-2018	Université_(Master_pro_ou_recherche)	60%	0.19799999999999995
France	2017-2018	École_publique	47%	0.06000000000000005
France	2017-2018	École_privée	39%	0.21400000000000008
France	2017-2018	BTS	41%	0.18799999999999994
